Dataset:name:ACE2-TMPRSS2	/uod/idr/filesets/idr0164-alzubi-hdbr/ACE2-TMPRSS2/2021-06-22 16.36.34-2-20PCW-KIDNEY.ndpi
Dataset:name:ACE2-TMPRSS2	/uod/idr/filesets/idr0164-alzubi-hdbr/ACE2-TMPRSS2/2021-06-22 18.04.12-7-14PCW-CHORIONIC-VILLI.ndpi
Dataset:name:ACE2-TMPRSS2	/uod/idr/filesets/idr0164-alzubi-hdbr/ACE2-TMPRSS2/2021-06-22 17.17.50-5-14PCW-INTESTINE.ndpi
Dataset:name:ACE2-TMPRSS2	/uod/idr/filesets/idr0164-alzubi-hdbr/ACE2-TMPRSS2/2021-06-22 17.37.11-58-22PCW-BLADDER.ndpi
Dataset:name:ACE2-TMPRSS2	/uod/idr/filesets/idr0164-alzubi-hdbr/ACE2-TMPRSS2/2021-06-22 17.31.54-38-22PCW-KIDNEY.ndpi
Dataset:name:ACE2-TMPRSS2	/uod/idr/filesets/idr0164-alzubi-hdbr/ACE2-TMPRSS2/2021-06-22 17.00.16-78-22PCW-INTESTINE.ndpi
Dataset:name:ACE2-TMPRSS2	/uod/idr/filesets/idr0164-alzubi-hdbr/ACE2-TMPRSS2/2021-06-22 17.09.46-3-20PCW-INTESTINE.ndpi
Dataset:name:ACE2-TMPRSS2	/uod/idr/filesets/idr0164-alzubi-hdbr/ACE2-TMPRSS2/2021-06-22 16.53.34-6-18PCW-BLADDER.ndpi
Dataset:name:ACE2-TMPRSS2	/uod/idr/filesets/idr0164-alzubi-hdbr/ACE2-TMPRSS2/2021-06-22 16.42.29-3-20PCW-CHORIONIC-VILLI.ndpi
Dataset:name:ACE2-TMPRSS2	/uod/idr/filesets/idr0164-alzubi-hdbr/ACE2-TMPRSS2/2021-06-22 16.55.34-1-18PCW-INTESTINE.ndpi
Dataset:name:ACE2-TMPRSS2	/uod/idr/filesets/idr0164-alzubi-hdbr/ACE2-TMPRSS2/2021-06-22 18.19.26-1-20PCW-LUNG.ndpi
Dataset:name:ACE2-TMPRSS2	/uod/idr/filesets/idr0164-alzubi-hdbr/ACE2-TMPRSS2/2021-06-22 18.30.30-7-14PCW-BLADDER.ndpi
Dataset:name:ACE2-TMPRSS2	/uod/idr/filesets/idr0164-alzubi-hdbr/ACE2-TMPRSS2/2021-06-22 18.33.26-2-20PCW-BLADDER.ndpi
Dataset:name:ACE2-TMPRSS2	/uod/idr/filesets/idr0164-alzubi-hdbr/ACE2-TMPRSS2/2021-06-22 17.42.04-68-22PCW-SKIN.ndpi
Dataset:name:ACE2-TMPRSS2	/uod/idr/filesets/idr0164-alzubi-hdbr/ACE2-TMPRSS2/2021-06-22 18.10.43-14PCW-AMNIOTIC-MEMBRANE.ndpi
Dataset:name:ACE2-TMPRSS2	/uod/idr/filesets/idr0164-alzubi-hdbr/ACE2-TMPRSS2/2021-06-22 18.00.33-18PCW-SKIN.ndpi
Dataset:name:ACE2-TMPRSS2	/uod/idr/filesets/idr0164-alzubi-hdbr/ACE2-TMPRSS2/2021-06-22 18.49.35-78-22PCW-CHORIONIC-VILLI.ndpi
Dataset:name:ACE2-TMPRSS2	/uod/idr/filesets/idr0164-alzubi-hdbr/ACE2-TMPRSS2/2021-06-22 17.47.44-1-20PCW-AMNIOTIC-MEMBRANE.ndpi
Dataset:name:ACE2-TMPRSS2	/uod/idr/filesets/idr0164-alzubi-hdbr/ACE2-TMPRSS2/2021-06-22 18.06.25-14PCW-SKIN.ndpi
Dataset:name:ACE2-TMPRSS2	/uod/idr/filesets/idr0164-alzubi-hdbr/ACE2-TMPRSS2/2021-06-22 17.45.09-3-20PCW-SKIN.ndpi
Dataset:name:ACE2-TMPRSS2	/uod/idr/filesets/idr0164-alzubi-hdbr/ACE2-TMPRSS2/2021-06-22 18.58.10-78-22PCW-AMNIOTIC-MEMBRANE.ndpi
Dataset:name:ACE2-TMPRSS2	/uod/idr/filesets/idr0164-alzubi-hdbr/ACE2-TMPRSS2/2021-06-22 18.15.08-8-18PCW-LUNG.ndpi
Dataset:name:ACE2-TMPRSS2	/uod/idr/filesets/idr0164-alzubi-hdbr/ACE2-TMPRSS2/2021-06-22 19.01.56-78-22PCW-LUNG.ndpi
Dataset:name:ACE2-TMPRSS2	/uod/idr/filesets/idr0164-alzubi-hdbr/ACE2-TMPRSS2/2021-06-22 18.42.05-7-18PCW-CHORIONIC-VILLI.ndpi
Dataset:name:ACE2-TMPRSS2	/uod/idr/filesets/idr0164-alzubi-hdbr/ACE2-TMPRSS2/2021-06-22 18.08.22-6-14PCW-KIDNEY.ndpi
Dataset:name:ACE2-TMPRSS2	/uod/idr/filesets/idr0164-alzubi-hdbr/ACE2-TMPRSS2/2021-06-22 18.39.08-1-14PCW-LUNG.ndpi
Dataset:name:ACE2-TMPRSS2	/uod/idr/filesets/idr0164-alzubi-hdbr/ACE2-TMPRSS2/2021-06-22 18.45.29-6-18PCW-KIDNEY.ndpi
Dataset:name:ANO2	/uod/idr/filesets/idr0164-alzubi-hdbr/ANO2/13388 18 PCW ANO2.jpg
Dataset:name:ANO2	/uod/idr/filesets/idr0164-alzubi-hdbr/ANO2/13997 11 PCW ANO2.jpg
Dataset:name:ANO2	/uod/idr/filesets/idr0164-alzubi-hdbr/ANO2/13024 14 PCW ANO2.jpg
Dataset:name:ARX-ZIC1	/uod/idr/filesets/idr0164-alzubi-hdbr/ARX-ZIC1/CS13_2248_7_DAPI_ARX_ZIC1.lif
Dataset:name:ARX-ZIC1-FOXA2	/uod/idr/filesets/idr0164-alzubi-hdbr/ARX-ZIC1-FOXA2/CS18-14751-10-ARX_ZIC1_FOXA2-merged.lif
Dataset:name:ARX-ZIC1-PAX6	/uod/idr/filesets/idr0164-alzubi-hdbr/ARX-ZIC1-PAX6/CS18-14751-9-ARX_ZIC1_PAX6-merged.lif
Dataset:name:ATOH1	/uod/idr/filesets/idr0164-alzubi-hdbr/ATOH1/18pcw Atoh1 1.81X.jpg
Dataset:name:ATOH1	/uod/idr/filesets/idr0164-alzubi-hdbr/ATOH1/14 pcw Atoh1 3.24X.jpg
Dataset:name:ATOH1	/uod/idr/filesets/idr0164-alzubi-hdbr/ATOH1/18pcw Atoh1 6.15X.jpg
Dataset:name:ATOH1	/uod/idr/filesets/idr0164-alzubi-hdbr/ATOH1/10 pcw Atoh1 5.55X.jpg
Dataset:name:ATOH1	/uod/idr/filesets/idr0164-alzubi-hdbr/ATOH1/14 pcw Atoh1 15.3X.jpg
Dataset:name:ATOH1	/uod/idr/filesets/idr0164-alzubi-hdbr/ATOH1/CS20 Atoh1 6.63X.jpg
Dataset:name:B3GAT1-TJP1	/uod/idr/filesets/idr0164-alzubi-hdbr/B3GAT1-TJP1/CS12-MERGE-HNK1488 ZO1594.20X.B-hindlimb.tif
Dataset:name:B3GAT1-TJP1	/uod/idr/filesets/idr0164-alzubi-hdbr/B3GAT1-TJP1/CS12-MERGE-HNK1488-ZO1594.20X.C-interlimb.tif
Dataset:name:B3GAT1-TJP1	/uod/idr/filesets/idr0164-alzubi-hdbr/B3GAT1-TJP1/CS12-MERGE-HNK1488-ZO1594.20X.A-interlimb.tif
Dataset:name:B3GAT1-TJP1	/uod/idr/filesets/idr0164-alzubi-hdbr/B3GAT1-TJP1/CS12-MERGE-HNK1488-ZO1594.20X-forelimb.tif
Dataset:name:B3GAT1-TJP1	/uod/idr/filesets/idr0164-alzubi-hdbr/B3GAT1-TJP1/CS12-MERGE-HNK1488-ZO1594.20X.A-hindlimb.tif
Dataset:name:B3GAT1-TJP1	/uod/idr/filesets/idr0164-alzubi-hdbr/B3GAT1-TJP1/CS12-MERGE-HNK1488-ZO1594.20X.B-interlimb.tif
Dataset:name:BARHL1	/uod/idr/filesets/idr0164-alzubi-hdbr/BARHL1/17pcw 13531 BARHL1 low power 1.73x.jpg
Dataset:name:BARHL1	/uod/idr/filesets/idr0164-alzubi-hdbr/BARHL1/11pcw 13997 BARHL1 Low power 3.6X.jpg
Dataset:name:BARHL1	/uod/idr/filesets/idr0164-alzubi-hdbr/BARHL1/14pcw 13024 BARHL1 low power 2.37X.jpg
Dataset:name:CBFA2T2	/uod/idr/filesets/idr0164-alzubi-hdbr/CBFA2T2/11pcw 13997 CBFA2T2 low power.jpg
Dataset:name:CBFA2T2	/uod/idr/filesets/idr0164-alzubi-hdbr/CBFA2T2/14pcw 13024 CBFA2T2 low power.jpg
Dataset:name:CBFA2T3	/uod/idr/filesets/idr0164-alzubi-hdbr/CBFA2T3/11pcw 13997 CBFA2T3 low power.jpg
Dataset:name:CBFA2T3	/uod/idr/filesets/idr0164-alzubi-hdbr/CBFA2T3/17pcw 13531 CBFA2T3 low power.jpg
Dataset:name:CDH1-CDH5-MKI67	/uod/idr/filesets/idr0164-alzubi-hdbr/CDH1-CDH5-MKI67/HDBR-L 13452 13pcw_VE-Cad 488_Ki67_546_E-Cad_647_DAPI_40x_2.zvi
Dataset:name:CDH1-CDH5-MKI67	/uod/idr/filesets/idr0164-alzubi-hdbr/CDH1-CDH5-MKI67/HDBRL13454 17pcw_VE-Cad_488_Ki67_546_E-Cad_647_DAPI_40x_2.zvi
Dataset:name:CDH1-CDH5-MKI67	/uod/idr/filesets/idr0164-alzubi-hdbr/CDH1-CDH5-MKI67/HDBR-L 13452 13pcw_VE-Cad 488_Ki67_546_E-Cad_647_DAPI_20x_2.zvi
Dataset:name:CDH1-CDH5-MKI67	/uod/idr/filesets/idr0164-alzubi-hdbr/CDH1-CDH5-MKI67/HDBRL13454 17pcw_VE-Cad_488_Ki67_546_E-Cad_647_DAPI_20x_2.zvi
Dataset:name:CDH1-CDH5-MKI67	/uod/idr/filesets/idr0164-alzubi-hdbr/CDH1-CDH5-MKI67/HDBR-L 13452 13pcw_VE-Cad 488_Ki67_546_E-Cad_647_DAPI_20x.zvi
Dataset:name:CDH1-CDH5-MKI67	/uod/idr/filesets/idr0164-alzubi-hdbr/CDH1-CDH5-MKI67/HDBR-L 13452 13pcw_VE-Cad 488_Ki67_546_E-Cad_647_DAPI_40x.zvi
Dataset:name:CDH1-CDH5-MKI67	/uod/idr/filesets/idr0164-alzubi-hdbr/CDH1-CDH5-MKI67/HDBRL13454 17pcw_VE-Cad_488_Ki67_546_E-Cad_647_DAPI_40x.zvi
Dataset:name:CDH1-CDH5-MKI67	/uod/idr/filesets/idr0164-alzubi-hdbr/CDH1-CDH5-MKI67/HDBR-L 13357 20pcwl_VE-Cad 488_Ki67_546_E-Cad_647_DAPI_20x.zvi
Dataset:name:CDH1-CDH5-MKI67	/uod/idr/filesets/idr0164-alzubi-hdbr/CDH1-CDH5-MKI67/HDBR-L 13357 20pcwl_VE-Cad 488_Ki67_546_E-Cad_647_DAPI_40x.zvi
Dataset:name:CDH1-CDH5-MKI67	/uod/idr/filesets/idr0164-alzubi-hdbr/CDH1-CDH5-MKI67/HDBRL13454 17pcw_VE-Cad_488_Ki67_546_E-Cad_647_DAPI_20x.zvi
Dataset:name:CDH1-CDH5-PECAM1	/uod/idr/filesets/idr0164-alzubi-hdbr/CDH1-CDH5-PECAM1/HDBRL13454_17pcw_CD31_488_VECad_555_ECad647_40x.zvi
Dataset:name:CDH1-CDH5-PECAM1	/uod/idr/filesets/idr0164-alzubi-hdbr/CDH1-CDH5-PECAM1/HDBR-L 13454 17pcw_VE-Cad 488_CD31_546_E-Cad_647_DAPI_40x.zvi
Dataset:name:CDH1-CDH5-PECAM1	/uod/idr/filesets/idr0164-alzubi-hdbr/CDH1-CDH5-PECAM1/HDBRL13452_13pcw_CD31_488_VECad_555_ECad647_40x.zvi
Dataset:name:CDH1-CDH5-PECAM1	/uod/idr/filesets/idr0164-alzubi-hdbr/CDH1-CDH5-PECAM1/HDBR-L 13452 13pcw_antigen retrival_VE-Cad 488_CD31_546_E-Cad_647_DAPI_40x.zvi
Dataset:name:CDH1-CDH5-PECAM1	/uod/idr/filesets/idr0164-alzubi-hdbr/CDH1-CDH5-PECAM1/HDBR-L 13452 13pcw_VE-Cad 488_CD31_546_E-Cad_647_DAPI_40x.zvi
Dataset:name:CDH1-CDH5-PECAM1	/uod/idr/filesets/idr0164-alzubi-hdbr/CDH1-CDH5-PECAM1/HDBRL13452_13pcw_CD31_488_VECad_555_ECad647_40x_2.zvi
Dataset:name:CDH1-CHD5-PDGFRa	/uod/idr/filesets/idr0164-alzubi-hdbr/CDH1-CHD5-PDGFRa/HDBR-L 13454 17pcw_VE-Cad_488_PDGFRa_546_E-Cad_647_DAPI_40x.zvi
Dataset:name:CDH1-CHD5-PDGFRa	/uod/idr/filesets/idr0164-alzubi-hdbr/CDH1-CHD5-PDGFRa/HDBR-L 13357 20pcwl_VE-Cad 488_PDGFRa_546_E-Cad_647_DAPI_40x.zvi
Dataset:name:CDH1-CHD5-PDGFRa	/uod/idr/filesets/idr0164-alzubi-hdbr/CDH1-CHD5-PDGFRa/HDBR-L 13357 20pcwl_VE-Cad 488_PDGFRa_546_E-Cad_647_DAPI_40x_2.zvi
Dataset:name:CDH1-CHD5-PDGFRa	/uod/idr/filesets/idr0164-alzubi-hdbr/CDH1-CHD5-PDGFRa/HDBR-L 13357 20pcwl_VE-Cad 488_PDGFRa_546_E-Cad_647_DAPI_20x.zvi
Dataset:name:CDH1-CHD5-PDGFRa	/uod/idr/filesets/idr0164-alzubi-hdbr/CDH1-CHD5-PDGFRa/HDBR-L 13454 17pcw_VE-Cad_488_PDGFRa_546_E-Cad_647_DAPI_20x.zvi
Dataset:name:CDH1-CHD5-PDGFRa	/uod/idr/filesets/idr0164-alzubi-hdbr/CDH1-CHD5-PDGFRa/HDBR-L 13452 13pcw_VE-Cad 488_PDGFRa_546_E-Cad_647_DAPI_20x.zvi
Dataset:name:CLDN2-SOX9	/uod/idr/filesets/idr0164-alzubi-hdbr/CLDN2-SOX9/20210503 slides.lif - 11p-CLDN2 1.tif
Dataset:name:CLDN2-SOX9	/uod/idr/filesets/idr0164-alzubi-hdbr/CLDN2-SOX9/20210503 slides.lif - 11p-CLDN2 2 zoom1.tif
Dataset:name:CLDN2-SOX9	/uod/idr/filesets/idr0164-alzubi-hdbr/CLDN2-SOX9/20210503 slides.lif - 11p-CLDN2 2.tif
Dataset:name:CLDN2-SOX9	/uod/idr/filesets/idr0164-alzubi-hdbr/CLDN2-SOX9/20210503 slides.lif - 11p-CLDN2 1 zoom.tif
Dataset:name:CLDN2-SOX9	/uod/idr/filesets/idr0164-alzubi-hdbr/CLDN2-SOX9/20210503 slides.lif - 11p-CLDN2 2 zoom2.tif
Dataset:name:COL4A1-SOX9	/uod/idr/filesets/idr0164-alzubi-hdbr/COL4A1-SOX9/20210503 slides.lif - 12p-Col4 1 zoom.tif
Dataset:name:COL4A1-SOX9	/uod/idr/filesets/idr0164-alzubi-hdbr/COL4A1-SOX9/20210503 slides.lif - 12p-Col4 2 zoom2.tif
Dataset:name:COL4A1-SOX9	/uod/idr/filesets/idr0164-alzubi-hdbr/COL4A1-SOX9/20210503 slides.lif - 12p-Col4 1.tif
Dataset:name:COL4A1-SOX9	/uod/idr/filesets/idr0164-alzubi-hdbr/COL4A1-SOX9/20210503 slides.lif - 12p-Col4 2 zoom1.tif
Dataset:name:COL4A1-SOX9	/uod/idr/filesets/idr0164-alzubi-hdbr/COL4A1-SOX9/20210503 slides.lif - 12p-Col4 2.tif
Dataset:name:CPAMD8	/uod/idr/filesets/idr0164-alzubi-hdbr/CPAMD8/12310_CPAMD8_3UTR_Head_CS19eye3_AS_1_10x.tif
Dataset:name:CPAMD8	/uod/idr/filesets/idr0164-alzubi-hdbr/CPAMD8/11239_CPAMD8_3UTR_Face_CS23_eye2_AS_1_5x.tif
Dataset:name:CPAMD8	/uod/idr/filesets/idr0164-alzubi-hdbr/CPAMD8/11239_CPAMD8_3UTR_Face_CS23_eye1_AS_1_5x.tif
Dataset:name:CPAMD8	/uod/idr/filesets/idr0164-alzubi-hdbr/CPAMD8/12435_CPAMD8_3UTR_Head_CS18_eye4_AS_1_10x.tif
Dataset:name:CPAMD8	/uod/idr/filesets/idr0164-alzubi-hdbr/CPAMD8/12435_CPAMD8_3UTR_Head_CS18_eye3_AS_1_10x.tif
Dataset:name:CPAMD8	/uod/idr/filesets/idr0164-alzubi-hdbr/CPAMD8/12310_CPAMD8_3UTR_Head_CS19_eye7_AS_1_10x.tif
Dataset:name:CPAMD8	/uod/idr/filesets/idr0164-alzubi-hdbr/CPAMD8/12435_CPAMD8_3UTR_Head_CS18_eye6_AS_1_10x.tif
Dataset:name:CPAMD8	/uod/idr/filesets/idr0164-alzubi-hdbr/CPAMD8/11239_CPAMD8_3UTR_Face_CS23_eye3_AS_1_5x.tif
Dataset:name:CTNNB1-SOX9	/uod/idr/filesets/idr0164-alzubi-hdbr/CTNNB1-SOX9/20191204 slides@.lif - 11-bCAT sox9 1 zoom 1.tif
Dataset:name:CTNNB1-SOX9	/uod/idr/filesets/idr0164-alzubi-hdbr/CTNNB1-SOX9/20191204 slides@.lif - 11-bCAT sox9 1 zoom 2.tif
Dataset:name:CTNNB1-SOX9	/uod/idr/filesets/idr0164-alzubi-hdbr/CTNNB1-SOX9/20191204 slides@.lif - 11-bCAT sox9 1.tif
Dataset:name:CTNNB1-SOX9	/uod/idr/filesets/idr0164-alzubi-hdbr/CTNNB1-SOX9/20191204 slides@.lif - 22-bCAT sox9 zoom 1.tif
Dataset:name:CTNNB1-SOX9	/uod/idr/filesets/idr0164-alzubi-hdbr/CTNNB1-SOX9/20191204 slides@.lif - 22-bCAT sox9.tif
Dataset:name:CTNNB1-SOX9	/uod/idr/filesets/idr0164-alzubi-hdbr/CTNNB1-SOX9/20191204 slides@.lif - 11-bCAT sox9 1 zoom 3.tif
Dataset:name:CTNNB1-SOX9	/uod/idr/filesets/idr0164-alzubi-hdbr/CTNNB1-SOX9/20191204 slides@.lif - 11-bCAT sox9 1 zoom 4.tif
Dataset:name:CTNNB1-SOX9	/uod/idr/filesets/idr0164-alzubi-hdbr/CTNNB1-SOX9/20191204 slides@.lif - 11-bCAT sox9 1 zoom 5.tif
Dataset:name:CTNNB1-SOX9	/uod/idr/filesets/idr0164-alzubi-hdbr/CTNNB1-SOX9/20191204 slides@.lif - 11-bCAT sox9 1 zoom 6.tif
Dataset:name:CTNNB1-SOX9	/uod/idr/filesets/idr0164-alzubi-hdbr/CTNNB1-SOX9/20191204 slides@.lif - 22-bCAT sox9 zoom 2.tif
Dataset:name:DDX31	/uod/idr/filesets/idr0164-alzubi-hdbr/DDX31/11pcw 13997 DDX31 Low power 3.51X.jpg
Dataset:name:DDX31	/uod/idr/filesets/idr0164-alzubi-hdbr/DDX31/17pcw 13531 DDX31 low power 1.73x.jpg
Dataset:name:DDX31	/uod/idr/filesets/idr0164-alzubi-hdbr/DDX31/14pcw 13024 DDX31 Low power 2.37X.jpg
Dataset:name:EGFR-SOX2-PECAM1	/uod/idr/filesets/idr0164-alzubi-hdbr/EGFR-SOX2-PECAM1/11p-SOX2 EGFR.tif
Dataset:name:EGFR-SOX9	/uod/idr/filesets/idr0164-alzubi-hdbr/EGFR-SOX9/11p-SOX9 EGFR.tif
Dataset:name:EYS	/uod/idr/filesets/idr0164-alzubi-hdbr/EYS/11PCW 13997 EYS Low power 3.51X.jpg
Dataset:name:EYS	/uod/idr/filesets/idr0164-alzubi-hdbr/EYS/14PCW 13024 EYS low power 2.37x.jpg
Dataset:name:EYS	/uod/idr/filesets/idr0164-alzubi-hdbr/EYS/17PCW 13531 EYS low power 1.73x.jpg
Dataset:name:FGFR2-SOX2	/uod/idr/filesets/idr0164-alzubi-hdbr/FGFR2-SOX2/11p sox2 fgfr2.jpg
Dataset:name:FGFR2-SOX9	/uod/idr/filesets/idr0164-alzubi-hdbr/FGFR2-SOX9/11p sox9 fgfr2.jpg
Dataset:name:GATA6-FN1	/uod/idr/filesets/idr0164-alzubi-hdbr/GATA6-FN1/20210228 slides.lif - 14-fibro gata6 1.tif
Dataset:name:GATA6-FN1	/uod/idr/filesets/idr0164-alzubi-hdbr/GATA6-FN1/20210228 slides.lif - 14-fibro gata6 3.tif
Dataset:name:GATA6-FN1	/uod/idr/filesets/idr0164-alzubi-hdbr/GATA6-FN1/20210228 slides.lif - 16-fibro gata6 3 zoom.tif
Dataset:name:GATA6-FN1	/uod/idr/filesets/idr0164-alzubi-hdbr/GATA6-FN1/20210228 slides.lif - 14-fibro gata6 2 zoom.tif
Dataset:name:GATA6-FN1	/uod/idr/filesets/idr0164-alzubi-hdbr/GATA6-FN1/20210228 slides.lif - 14-fibro gata6 3 zoom.tif
Dataset:name:GATA6-FN1	/uod/idr/filesets/idr0164-alzubi-hdbr/GATA6-FN1/20210228 slides.lif - 16-fibro gata6 2 zoom.tif
Dataset:name:GATA6-FN1	/uod/idr/filesets/idr0164-alzubi-hdbr/GATA6-FN1/20210228 slides.lif - 14-fibro gata6 1 zoom.tif
Dataset:name:GATA6-FN1	/uod/idr/filesets/idr0164-alzubi-hdbr/GATA6-FN1/20210228 slides.lif - 14-fibro gata6 2.tif
Dataset:name:GATA6-FN1	/uod/idr/filesets/idr0164-alzubi-hdbr/GATA6-FN1/20210228 slides.lif - 16-fibro gata6 1 zoom.tif
Dataset:name:GATA6-FN1	/uod/idr/filesets/idr0164-alzubi-hdbr/GATA6-FN1/20210228 slides.lif - 16-fibro gata6 1.tif
Dataset:name:GATA6-FN1	/uod/idr/filesets/idr0164-alzubi-hdbr/GATA6-FN1/20210228 slides.lif - 16-fibro gata6 3.tif
Dataset:name:GATA6-FN1	/uod/idr/filesets/idr0164-alzubi-hdbr/GATA6-FN1/20210228 slides.lif - 16-fibro gata6 2.tif
Dataset:name:GLRA1-GLRA2	/uod/idr/filesets/idr0164-alzubi-hdbr/GLRA1-GLRA2/CS21_12862_41.ome.tiff
Dataset:name:GLRA1-GLRA2	/uod/idr/filesets/idr0164-alzubi-hdbr/GLRA1-GLRA2/19pcw_13029-21_52.ome.tiff
Dataset:name:GLRA1-GLRA2	/uod/idr/filesets/idr0164-alzubi-hdbr/GLRA1-GLRA2/11pcw_11714-12_47.ome.tiff
Dataset:name:GLRA1-GLRA2	/uod/idr/filesets/idr0164-alzubi-hdbr/GLRA1-GLRA2/CS23_12602_123.ome.tiff
Dataset:name:GNB3	/uod/idr/filesets/idr0164-alzubi-hdbr/GNB3/13024 14 PCW GNB3.jpg
Dataset:name:GNB3	/uod/idr/filesets/idr0164-alzubi-hdbr/GNB3/13388 18 PCW GNB1.jpg
Dataset:name:GNB3	/uod/idr/filesets/idr0164-alzubi-hdbr/GNB3/13997 11 PCW GNB3.jpg
Dataset:name:INHBB	/uod/idr/filesets/idr0164-alzubi-hdbr/INHBB/13388 18 PCW INHBB.jpg
Dataset:name:INHBB	/uod/idr/filesets/idr0164-alzubi-hdbr/INHBB/13024 14 PCW INHBB.jpg
Dataset:name:INHBB	/uod/idr/filesets/idr0164-alzubi-hdbr/INHBB/13997 11 PCW INHBB.jpg
Dataset:name:ISL1	/uod/idr/filesets/idr0164-alzubi-hdbr/ISL1/CS18-MERGE-ISLET1594.10X.D.tif
Dataset:name:ISL1	/uod/idr/filesets/idr0164-alzubi-hdbr/ISL1/CS18-MERGE-ISLET1594.10X.C.tif
Dataset:name:ISL1	/uod/idr/filesets/idr0164-alzubi-hdbr/ISL1/CS18-MERGE-ISLET1594.10X.A.tif
Dataset:name:ISL1	/uod/idr/filesets/idr0164-alzubi-hdbr/ISL1/CS18-MERGE-ISLET1594.10X.B.tif
Dataset:name:ISL1_CDKN1B	/uod/idr/filesets/idr0164-alzubi-hdbr/ISL1_CDKN1B/CS13-MERGE-ISLET1488-P27568.20X.B.tif
Dataset:name:ISL1_CDKN1B	/uod/idr/filesets/idr0164-alzubi-hdbr/ISL1_CDKN1B/CS18-MERGE-ISLET1488-P27568.20X.tif
Dataset:name:ISL1_CDKN1B	/uod/idr/filesets/idr0164-alzubi-hdbr/ISL1_CDKN1B/CS16-MERGE-ISLET1488-P27568.20X.B.tif
Dataset:name:ISL1_CDKN1B	/uod/idr/filesets/idr0164-alzubi-hdbr/ISL1_CDKN1B/CS13-MERGE-ILSET488-P27568.20X.A.tif
Dataset:name:ISL1_CDKN1B	/uod/idr/filesets/idr0164-alzubi-hdbr/ISL1_CDKN1B/CS16-MERGE-ILSET1488-P27568.20X.A.tif
Dataset:name:ITGA2	/uod/idr/filesets/idr0164-alzubi-hdbr/ITGA2/12p ITGA2.jpg
Dataset:name:ITGA2	/uod/idr/filesets/idr0164-alzubi-hdbr/ITGA2/20210228 slides.lif - 16-ITGA2 1.tif
Dataset:name:ITGA2	/uod/idr/filesets/idr0164-alzubi-hdbr/ITGA2/20210228 slides.lif - 16-ITGA2 2.tif
Dataset:name:ITGA2	/uod/idr/filesets/idr0164-alzubi-hdbr/ITGA2/20210228 slides.lif - 12-ITGA2 2.tif
Dataset:name:ITGA2	/uod/idr/filesets/idr0164-alzubi-hdbr/ITGA2/20210228 slides.lif - 14-ITGA2 1.tif
Dataset:name:ITGA2	/uod/idr/filesets/idr0164-alzubi-hdbr/ITGA2/20210228 slides.lif - 14-ITGA2 2.tif
Dataset:name:ITGA2	/uod/idr/filesets/idr0164-alzubi-hdbr/ITGA2/20210228 slides.lif - 12-ITGA2 1.tif
Dataset:name:ITGA2-FN1	/uod/idr/filesets/idr0164-alzubi-hdbr/ITGA2-FN1/20210810 slides ITGA fibro 40um.lif - 14170-ITGA fibro 1-1.tif
Dataset:name:ITGA2-FN1	/uod/idr/filesets/idr0164-alzubi-hdbr/ITGA2-FN1/20210810 slides ITGA fibro 40um.lif - 14170-ITGA fibro 3-1.tif
Dataset:name:ITGA2-FN1	/uod/idr/filesets/idr0164-alzubi-hdbr/ITGA2-FN1/20210810 slides ITGA fibro 40um.lif - 14170-ITGA fibro 2-1.tif
Dataset:name:ITGA2-SOX9	/uod/idr/filesets/idr0164-alzubi-hdbr/ITGA2-SOX9/20210325 slides.lif - 14203-11 itga2 3.tif
Dataset:name:ITGA2-SOX9	/uod/idr/filesets/idr0164-alzubi-hdbr/ITGA2-SOX9/20210325 slides.lif - 14203-11 itga2 2.tif
Dataset:name:ITGA2-SOX9	/uod/idr/filesets/idr0164-alzubi-hdbr/ITGA2-SOX9/20210325 slides.lif - 15224-14 itga2 2 zoom.tif
Dataset:name:ITGA2-SOX9	/uod/idr/filesets/idr0164-alzubi-hdbr/ITGA2-SOX9/20210325 slides.lif - 14203-11 itga2 1.tif
Dataset:name:ITGA2-SOX9	/uod/idr/filesets/idr0164-alzubi-hdbr/ITGA2-SOX9/20210325 slides.lif - 14203-11 itga2 2 zoom.tif
Dataset:name:ITGA2-SOX9	/uod/idr/filesets/idr0164-alzubi-hdbr/ITGA2-SOX9/11p ITGA2.jpg
Dataset:name:ITGA2-SOX9	/uod/idr/filesets/idr0164-alzubi-hdbr/ITGA2-SOX9/20210325 slides.lif - 14203-11 itga2 3 zoom 2.tif
Dataset:name:ITGA2-SOX9	/uod/idr/filesets/idr0164-alzubi-hdbr/ITGA2-SOX9/20210325 slides.lif - 14203-11 itga2 1 zoom.tif
Dataset:name:ITGA2-SOX9	/uod/idr/filesets/idr0164-alzubi-hdbr/ITGA2-SOX9/20210325 slides.lif - 15224-14 itga2 2.tif
Dataset:name:ITGA2-SOX9	/uod/idr/filesets/idr0164-alzubi-hdbr/ITGA2-SOX9/20210325 slides.lif - 14203-11 itga2 3 zoom 1.tif
Dataset:name:ITGA2-SOX9	/uod/idr/filesets/idr0164-alzubi-hdbr/ITGA2-SOX9/20210325 slides.lif - 15224-14 itga2 1.tif
Dataset:name:ITGA2-SOX9	/uod/idr/filesets/idr0164-alzubi-hdbr/ITGA2-SOX9/20210325 slides.lif - 14203-11 itga2 3 zoom 3.tif
Dataset:name:ITGA2-SOX9	/uod/idr/filesets/idr0164-alzubi-hdbr/ITGA2-SOX9/20210325 slides.lif - 15224-14 itga2 1 zoom.tif
Dataset:name:ITGB1	/uod/idr/filesets/idr0164-alzubi-hdbr/ITGB1/12p ITGB1 max.jpg
Dataset:name:Laminin	/uod/idr/filesets/idr0164-alzubi-hdbr/Laminin/20210325 slides.lif - 15224-14 lama1 2 zoom.tif
Dataset:name:Laminin	/uod/idr/filesets/idr0164-alzubi-hdbr/Laminin/20210325 slides.lif - 14207-17 lama2 1 zoom.tif
Dataset:name:Laminin	/uod/idr/filesets/idr0164-alzubi-hdbr/Laminin/20210325 slides.lif - 15224-14 lama1 1.tif
Dataset:name:Laminin	/uod/idr/filesets/idr0164-alzubi-hdbr/Laminin/20210325 slides.lif - 15224-14 lama1 2.tif
Dataset:name:Laminin	/uod/idr/filesets/idr0164-alzubi-hdbr/Laminin/20210325 slides.lif - 14207-17 lama2 2 zoom.tif
Dataset:name:Laminin	/uod/idr/filesets/idr0164-alzubi-hdbr/Laminin/20210325 slides.lif - 14207-17 lama2 1.tif
Dataset:name:Laminin	/uod/idr/filesets/idr0164-alzubi-hdbr/Laminin/20210325 slides.lif - 14207-17 lama2 2.tif
Dataset:name:Laminin	/uod/idr/filesets/idr0164-alzubi-hdbr/Laminin/20210325 slides.lif - 15224-14 lama1 1 zoom.tif
Dataset:name:LHX2	/uod/idr/filesets/idr0164-alzubi-hdbr/LHX2/CS12-MERGE-LHX2488.20X.C-interlimb.tif
Dataset:name:LHX2	/uod/idr/filesets/idr0164-alzubi-hdbr/LHX2/CS12-MERGE-LHX2488.20X.A-hindlimb.tif
Dataset:name:LHX2	/uod/idr/filesets/idr0164-alzubi-hdbr/LHX2/CS12-MERGE-LHX2488.20X.A-interlimb.tif
Dataset:name:LHX2	/uod/idr/filesets/idr0164-alzubi-hdbr/LHX2/CS12-MERGE-LHX2488.20X.B-hindlimb.tif
Dataset:name:LHX2	/uod/idr/filesets/idr0164-alzubi-hdbr/LHX2/CS12-MERGE-LHX2488.20X-forelimb.tif
Dataset:name:LHX2	/uod/idr/filesets/idr0164-alzubi-hdbr/LHX2/CS12-MERGE-LHX2488.20X.B-interlimb.tif
Dataset:name:LMX1A	/uod/idr/filesets/idr0164-alzubi-hdbr/LMX1A/11PCW LMX1A Low power.jpg
Dataset:name:LMX1A	/uod/idr/filesets/idr0164-alzubi-hdbr/LMX1A/18pcw 13388 LMX1A low power.jpg
Dataset:name:LMX1A	/uod/idr/filesets/idr0164-alzubi-hdbr/LMX1A/10 pcw Lmx1a 4.87.jpg
Dataset:name:LMX1A	/uod/idr/filesets/idr0164-alzubi-hdbr/LMX1A/14pcw 12722 LMX1A Low power.jpg
Dataset:name:LMX1A	/uod/idr/filesets/idr0164-alzubi-hdbr/LMX1A/11PCW 13401 LMX1A low power.jpg
Dataset:name:LMX1A	/uod/idr/filesets/idr0164-alzubi-hdbr/LMX1A/18pcw Lmx1a 1.73X.jpg
Dataset:name:LMX1A	/uod/idr/filesets/idr0164-alzubi-hdbr/LMX1A/14 pcw Lmx1a 3.18X.jpg
Dataset:name:LMX1A	/uod/idr/filesets/idr0164-alzubi-hdbr/LMX1A/14PCW LMX1A Low power.jpg
Dataset:name:LMX1A	/uod/idr/filesets/idr0164-alzubi-hdbr/LMX1A/17pcw 11974 LMX1A Low power.jpg
Dataset:name:LMX1A	/uod/idr/filesets/idr0164-alzubi-hdbr/LMX1A/CS20 Lmx1a 6.57X.jpg
Dataset:name:LMX1A	/uod/idr/filesets/idr0164-alzubi-hdbr/LMX1A/14 pcw Lmx1a 15.5X.jpg
Dataset:name:LMX1A	/uod/idr/filesets/idr0164-alzubi-hdbr/LMX1A/17PCW LMX1A Low power.jpg
Dataset:name:MKI67	/uod/idr/filesets/idr0164-alzubi-hdbr/MKI67/10pcw 11994 KI67 small.ome.tiff
Dataset:name:MKI67	/uod/idr/filesets/idr0164-alzubi-hdbr/MKI67/11pcw 13997 KI67 Small.ome.tiff
Dataset:name:MKI67	/uod/idr/filesets/idr0164-alzubi-hdbr/MKI67/13024 14 PCW.ome.tiff
Dataset:name:MKI67	/uod/idr/filesets/idr0164-alzubi-hdbr/MKI67/13388 18 PCW.ome.tiff
Dataset:name:MKI67	/uod/idr/filesets/idr0164-alzubi-hdbr/MKI67/13997 11 PCW.ome.tiff
Dataset:name:MKI67	/uod/idr/filesets/idr0164-alzubi-hdbr/MKI67/13pcw 16360 KI67 small.ome.tiff
Dataset:name:MKI67	/uod/idr/filesets/idr0164-alzubi-hdbr/MKI67/14pcw 13750 KI67 a small.ome.tiff
Dataset:name:MKI67	/uod/idr/filesets/idr0164-alzubi-hdbr/MKI67/17pcw 11974 KI67 small.ome.tiff
Dataset:name:MKI67	/uod/idr/filesets/idr0164-alzubi-hdbr/MKI67/18pcw 13388 KI67 small.ome.tiff
Dataset:name:MKI67	/uod/idr/filesets/idr0164-alzubi-hdbr/MKI67/8PCW 12932 KI67.ome.tiff
Dataset:name:MKI67	/uod/idr/filesets/idr0164-alzubi-hdbr/MKI67/CS19 15321 KI67.ome.tiff
Dataset:name:MKI67	/uod/idr/filesets/idr0164-alzubi-hdbr/MKI67/CS20 15448 MEDLAT KI67.ome.tiff
Dataset:name:MKI67	/uod/idr/filesets/idr0164-alzubi-hdbr/MKI67/CS20 Ki67 6.84X (A).ome.tiff
Dataset:name:MKI67	/uod/idr/filesets/idr0164-alzubi-hdbr/MKI67/CS20 Ki67 6.84X.ome.tiff
Dataset:name:MKI67	/uod/idr/filesets/idr0164-alzubi-hdbr/MKI67/CS23 11682 KI67 Small.ome.tiff
Dataset:name:MKI67-AIF1	/uod/idr/filesets/idr0164-alzubi-hdbr/MKI67-AIF1/19pcw-NP-155-10-7.svs
Dataset:name:MKI67-AIF1	/uod/idr/filesets/idr0164-alzubi-hdbr/MKI67-AIF1/CS18-327-7pcw.svs
Dataset:name:MKI67-AIF1	/uod/idr/filesets/idr0164-alzubi-hdbr/MKI67-AIF1/12044-51-10pcw.svs
Dataset:name:MKI67-AIF1	/uod/idr/filesets/idr0164-alzubi-hdbr/MKI67-AIF1/CS23-12780-9pcw.svs
Dataset:name:MKI67-AIF1	/uod/idr/filesets/idr0164-alzubi-hdbr/MKI67-AIF1/NP-146-11-12pcw.svs
Dataset:name:MKI67-AIF1	/uod/idr/filesets/idr0164-alzubi-hdbr/MKI67-AIF1/NP-65-08-13-20pcw.svs
Dataset:name:MKI67-AIF1	/uod/idr/filesets/idr0164-alzubi-hdbr/MKI67-AIF1/B5349-H-17pcw.svs
Dataset:name:MKI67-AIF1	/uod/idr/filesets/idr0164-alzubi-hdbr/MKI67-AIF1/CS12-880-4pcw.svs
Dataset:name:MKI67-AIF1	/uod/idr/filesets/idr0164-alzubi-hdbr/MKI67-AIF1/CS14-737-5pcw.svs
Dataset:name:MKI67-AIF1	/uod/idr/filesets/idr0164-alzubi-hdbr/MKI67-AIF1/CS21-777-51-8pcw.svs
Dataset:name:MKI67-AIF1	/uod/idr/filesets/idr0164-alzubi-hdbr/MKI67-AIF1/12pcw-N1798-74.svs
Dataset:name:MKI67-AIF1	/uod/idr/filesets/idr0164-alzubi-hdbr/MKI67-AIF1/17pcw-NP-153-12-6.svs
Dataset:name:MKI67-AIF1	/uod/idr/filesets/idr0164-alzubi-hdbr/MKI67-AIF1/RI-1248-94B-14pcw.svs
Dataset:name:MKI67-AIF1	/uod/idr/filesets/idr0164-alzubi-hdbr/MKI67-AIF1/CS16-921-6pcw.svs
Dataset:name:MNX1-ISL1	/uod/idr/filesets/idr0164-alzubi-hdbr/MNX1-ISL1/CS12-MERGE-HB9488-ISLET1594.20X.A-interlimb.tif
Dataset:name:MNX1-ISL1	/uod/idr/filesets/idr0164-alzubi-hdbr/MNX1-ISL1/CS12-MERGE-HB9488-ISLET1568.20X.A-hindlimb.tif
Dataset:name:MNX1-ISL1	/uod/idr/filesets/idr0164-alzubi-hdbr/MNX1-ISL1/CS12-MERGE-HB9488-ISLET1594.20X.B-interlimb.tif
Dataset:name:MNX1-ISL1	/uod/idr/filesets/idr0164-alzubi-hdbr/MNX1-ISL1/CS12-MERGE-HB9488-ISLET1594.20X.C-interlimb.tif
Dataset:name:MNX1-ISL1	/uod/idr/filesets/idr0164-alzubi-hdbr/MNX1-ISL1/CS12-MERGE-HB9488-ISLET1594.20X.A-forelimb.tif
Dataset:name:MNX1-ISL1	/uod/idr/filesets/idr0164-alzubi-hdbr/MNX1-ISL1/CS12-MERGE-HB9488-ISLET1594.20X.B_forelimb.tif
Dataset:name:MYL2-FN1	/uod/idr/filesets/idr0164-alzubi-hdbr/MYL2-FN1/20201003 slides.lif - 14301-13 myosin fibro gata6 1-1.tif
Dataset:name:MYL2-FN1	/uod/idr/filesets/idr0164-alzubi-hdbr/MYL2-FN1/20201003 slides.lif - 14301-13 myosin fibro gata6 2-1.tif
Dataset:name:MYL2-FN1-GATA6	/uod/idr/filesets/idr0164-alzubi-hdbr/MYL2-FN1-GATA6/20201005.lif - 14206-10 Factin myosin gata6 airway (RGB).tif
Dataset:name:MYL2-FN1-GATA6	/uod/idr/filesets/idr0164-alzubi-hdbr/MYL2-FN1-GATA6/20201005.lif - 14206-10 Factin myosin gata6 2 zoom (RGB).tif
Dataset:name:MYL2-FN1-GATA6	/uod/idr/filesets/idr0164-alzubi-hdbr/MYL2-FN1-GATA6/20201005.lif - 14206-10 Factin myosin gata6 airway zoom (RGB).tif
Dataset:name:MYL2-FN1-GATA6	/uod/idr/filesets/idr0164-alzubi-hdbr/MYL2-FN1-GATA6/20201005.lif - 14206-10 Factin myosin gata6 2 (RGB).tif
Dataset:name:Neural_markers_10PCW	/uod/idr/filesets/idr0164-alzubi-hdbr/Neural_markers_10PCW/10pcw_13341_SCGN_GAD67-Stitching_10X.czi
Dataset:name:Neural_markers_10PCW	/uod/idr/filesets/idr0164-alzubi-hdbr/Neural_markers_10PCW/10pcw_13136_SCG_CALR_stitching_10x.czi
Dataset:name:Neural_markers_10PCW	/uod/idr/filesets/idr0164-alzubi-hdbr/Neural_markers_10PCW/10pcw_12721_SCGN_COUPTFII_GE_10X_Stitching.czi
Dataset:name:Neural_markers_10PCW	/uod/idr/filesets/idr0164-alzubi-hdbr/Neural_markers_10PCW/10pcw_13331_COUPTFII_COUPTFI-Stitching-10X.czi
Dataset:name:Neural_markers_10PCW	/uod/idr/filesets/idr0164-alzubi-hdbr/Neural_markers_10PCW/10pcw_13341_ASCL1_GAD67-Stitching-10X.czi
Dataset:name:Neural_markers_10PCW	/uod/idr/filesets/idr0164-alzubi-hdbr/Neural_markers_10PCW/10pcw_13136_SCG_SP8_stitching_10x.czi
Dataset:name:Neural_markers_10PCW	/uod/idr/filesets/idr0164-alzubi-hdbr/Neural_markers_10PCW/10pcw_13341_DLX2_GAD67-Stitching-10.czi
Dataset:name:Neural_markers_10PCW	/uod/idr/filesets/idr0164-alzubi-hdbr/Neural_markers_10PCW/10pcw_13341_CALR_GAD67-Stitching-10X.czi
Dataset:name:Neural_markers_10PCW	/uod/idr/filesets/idr0164-alzubi-hdbr/Neural_markers_10PCW/10pcw_13341_DLX2_LHX6-Stitching-11.czi
Dataset:name:Neural_markers_10PCW	/uod/idr/filesets/idr0164-alzubi-hdbr/Neural_markers_10PCW/10pcw_13136_SCG_COUPTFII_stitching_10x.czi
Dataset:name:Neural_markers_10PCW	/uod/idr/filesets/idr0164-alzubi-hdbr/Neural_markers_10PCW/10pcw_13331_COUPTFII_KI67-Stitching-10X.czi
Dataset:name:Neural_markers_10PCW	/uod/idr/filesets/idr0164-alzubi-hdbr/Neural_markers_10PCW/10pcw_13331_Calr_COUP-TFII_10X-Stitching-01.czi
Dataset:name:Neural_markers_10PCW	/uod/idr/filesets/idr0164-alzubi-hdbr/Neural_markers_10PCW/10pcw_13331_DLX2_CALR_-Stitching_10X.czi
Dataset:name:Neural_markers_10PCW	/uod/idr/filesets/idr0164-alzubi-hdbr/Neural_markers_10PCW/10pcw_13331_SP8_SCGN_STITCHING_10X.czi
Dataset:name:Neural_markers_10PCW	/uod/idr/filesets/idr0164-alzubi-hdbr/Neural_markers_10PCW/10pcw_13331_CalR_SCGN_STITCHING_10X.czi
Dataset:name:Neural_markers_10PCW	/uod/idr/filesets/idr0164-alzubi-hdbr/Neural_markers_10PCW/10pcw_13341_CALB_CAD6-Stitching-27.czi
Dataset:name:Neural_markers_10PCW	/uod/idr/filesets/idr0164-alzubi-hdbr/Neural_markers_10PCW/10pcw_13341_ASCL1_DLX2_Stitching-10X.czi
Dataset:name:Neural_markers_10PCW	/uod/idr/filesets/idr0164-alzubi-hdbr/Neural_markers_10PCW/10pcw_13081_SCGN_CALB_STITCHING_10X.czi
Dataset:name:Neural_markers_10PCW	/uod/idr/filesets/idr0164-alzubi-hdbr/Neural_markers_10PCW/10pcw_13341_ASCL1_DLX2_Stitching-CMS_10X.czi
Dataset:name:Neural_markers_10PCW	/uod/idr/filesets/idr0164-alzubi-hdbr/Neural_markers_10PCW/10pcw_13341_DLX2_COUPTFII-Stitching-13.czi
Dataset:name:Neural_markers_10PCW	/uod/idr/filesets/idr0164-alzubi-hdbr/Neural_markers_10PCW/10pcw_13331_COUP-TFII_SCGN_STITCHING_10X.czi
Dataset:name:Neural_markers_10PCW	/uod/idr/filesets/idr0164-alzubi-hdbr/Neural_markers_10PCW/10pcw_12721_SCGN_SPB_5X_2_IP-Stitching-01.czi
Dataset:name:Neural_markers_10PCW	/uod/idr/filesets/idr0164-alzubi-hdbr/Neural_markers_10PCW/10pcw_13331_CALR_SP8_10X_IP-Stitching-09.czi
Dataset:name:Neural_markers_10PCW	/uod/idr/filesets/idr0164-alzubi-hdbr/Neural_markers_10PCW/10pcw_13331_DLX2_COUP-TFII_STITCHING_10X.czi
Dataset:name:Neural_markers_CS19	/uod/idr/filesets/idr0164-alzubi-hdbr/neural_markers_CS19/CS19_12769_NKX2.2_NKX2.1_STITCHING_10X.czi
Dataset:name:Neural_markers_CS19	/uod/idr/filesets/idr0164-alzubi-hdbr/neural_markers_CS19/CS19_12769_COUP-TFI_NKX2.1_STITCHING_10X.czi
Dataset:name:Neural_markers_CS19	/uod/idr/filesets/idr0164-alzubi-hdbr/neural_markers_CS19/CS19_12769_DLX2_COUP-TFII_Stitching_10X.czi
Dataset:name:Neural_markers_CS19	/uod/idr/filesets/idr0164-alzubi-hdbr/neural_markers_CS19/CS19_12769_NKX2.2_OLIG2_STITCHING_10X.czi
Dataset:name:Neural_markers_CS19	/uod/idr/filesets/idr0164-alzubi-hdbr/neural_markers_CS19/CS19_12769_COUP-TFII_NKX2.1_STITCHING_10X.czi
Dataset:name:Neural_markers_CS19	/uod/idr/filesets/idr0164-alzubi-hdbr/neural_markers_CS19/CS19_12769_DLX2_LHX6_Stitching_10X.czi
Dataset:name:Neural_markers_CS19	/uod/idr/filesets/idr0164-alzubi-hdbr/neural_markers_CS19/CS19_12769_DLX2_NKX2.1_10XStitching-67.czi
Dataset:name:Neural_markers_CS19	/uod/idr/filesets/idr0164-alzubi-hdbr/neural_markers_CS19/CS19_12769_SP8_SCGN_stitching WITH MGE_10X.czi
Dataset:name:Neural_markers_CS19	/uod/idr/filesets/idr0164-alzubi-hdbr/neural_markers_CS19/CS19_12769_DLX2_OLIG2_Stitching_10X.czi
Dataset:name:Neural_markers_CS19	/uod/idr/filesets/idr0164-alzubi-hdbr/neural_markers_CS19/CS19_12769_NKX2.2_COUPTFI_STITCHING_10X.czi
Dataset:name:Neural_markers_CS19	/uod/idr/filesets/idr0164-alzubi-hdbr/neural_markers_CS19/CS19_12769_OLIG2_PAX6_STITCHING_10X.czi
Dataset:name:Neural_markers_CS19	/uod/idr/filesets/idr0164-alzubi-hdbr/neural_markers_CS19/CS19_12769_CALR_SCGN_stitching_10X.czi
Dataset:name:Neural_markers_CS19	/uod/idr/filesets/idr0164-alzubi-hdbr/neural_markers_CS19/CS19_12769_Calb_NKX2.1_stitching_10X.czi
Dataset:name:Neural_markers_CS19	/uod/idr/filesets/idr0164-alzubi-hdbr/neural_markers_CS19/CS19_12769_SP8_CALR_stitching_10X.czi
Dataset:name:Neural_markers_CS19	/uod/idr/filesets/idr0164-alzubi-hdbr/neural_markers_CS19/CS19_12769_SP8_SCGN_stitching_10X.czi
Dataset:name:Neural_markers_CS21	/uod/idr/filesets/idr0164-alzubi-hdbr/neural_markers_CS21/CS21_12128_NKX2.2_NKX2.1_STITCHING_10X.czi
Dataset:name:Neural_markers_CS21	/uod/idr/filesets/idr0164-alzubi-hdbr/neural_markers_CS21/CS21_12128_COUPTFII_NKX2.1_STITCHING_10X.czi
Dataset:name:Neural_markers_CS23	/uod/idr/filesets/idr0164-alzubi-hdbr/neural_markers_CS23/CS23_12004_DLX2_COUPTFII-Stitching-12.czi
Dataset:name:Neural_markers_CS23	/uod/idr/filesets/idr0164-alzubi-hdbr/neural_markers_CS23/CS23_12602_COUPTFI_COUP-TFII-Stitching-10X_P1.czi
Dataset:name:Neural_markers_CS23	/uod/idr/filesets/idr0164-alzubi-hdbr/neural_markers_CS23/CS23_12602_NKX2.1_OLIG2-Stitching-10X_P1.czi
Dataset:name:Neural_markers_CS23	/uod/idr/filesets/idr0164-alzubi-hdbr/neural_markers_CS23/CS23_12602_ROBO1_GAP43-Stitching-10X.czi
Dataset:name:Neural_markers_CS23	/uod/idr/filesets/idr0164-alzubi-hdbr/neural_markers_CS23/CS23_12602_SCGN_CAD6-Stitching-10X.czi
Dataset:name:Neural_markers_CS23	/uod/idr/filesets/idr0164-alzubi-hdbr/neural_markers_CS23/CS23_12780_DLX2_LHX6-Stitching_10X.czi
Dataset:name:Neural_markers_CS23	/uod/idr/filesets/idr0164-alzubi-hdbr/neural_markers_CS23/CS23_12780_DLX2_OLIG2-Stitching-10X.czi
Dataset:name:Neural_markers_CS23	/uod/idr/filesets/idr0164-alzubi-hdbr/neural_markers_CS23/CS23_12780_SCGN_CALR-Stitching-10X.czi
Dataset:name:Neural_markers_CS23	/uod/idr/filesets/idr0164-alzubi-hdbr/neural_markers_CS23/CS23_12004_CALB_GAP43-Stitching-04.czi
Dataset:name:Neural_markers_CS23	/uod/idr/filesets/idr0164-alzubi-hdbr/neural_markers_CS23/CS23_12004_GBX2_FOXP2-Stitching-13.czi
Dataset:name:Neural_markers_CS23	/uod/idr/filesets/idr0164-alzubi-hdbr/neural_markers_CS23/CS23_12602_COUPTFI_COUP-TFII-Stitching-10X_P5.czi
Dataset:name:Neural_markers_CS23	/uod/idr/filesets/idr0164-alzubi-hdbr/neural_markers_CS23/CS23_12602_DLX2_ASCL1-Stitching-10X_P2.czi
Dataset:name:Neural_markers_CS23	/uod/idr/filesets/idr0164-alzubi-hdbr/neural_markers_CS23/CS23_12004_SCGN_CALR-Stitching-07.czi
Dataset:name:Neural_markers_CS23	/uod/idr/filesets/idr0164-alzubi-hdbr/neural_markers_CS23/CS23_12602_NKX2.1_OLIG2-Stitching-10X_P3.czi
Dataset:name:Neural_markers_CS23	/uod/idr/filesets/idr0164-alzubi-hdbr/neural_markers_CS23/CS23_12602_COUPTFI_COUP-TFII-Stitching-10X_P2.czi
Dataset:name:Neural_markers_CS23	/uod/idr/filesets/idr0164-alzubi-hdbr/neural_markers_CS23/CS23_12602_NKX2.1_PAX6-Stitching-10X_P4.czi
Dataset:name:Neural_markers_CS23	/uod/idr/filesets/idr0164-alzubi-hdbr/neural_markers_CS23/CS23_12602_NKX2.1_PAX6_Stitching-10X _P1.czi
Dataset:name:Neural_markers_CS23	/uod/idr/filesets/idr0164-alzubi-hdbr/neural_markers_CS23/CS23_12602_ROBO1_CALB-Stitching-10X.czi
Dataset:name:Neural_markers_CS23	/uod/idr/filesets/idr0164-alzubi-hdbr/neural_markers_CS23/CS23_12602_DLX2_ASCL1-Stitching-10X_P4.czi
Dataset:name:Neural_markers_CS23	/uod/idr/filesets/idr0164-alzubi-hdbr/neural_markers_CS23/CS23_12602_SCGN_CALB-Stitching-10X_P2.czi
Dataset:name:Neural_markers_CS23	/uod/idr/filesets/idr0164-alzubi-hdbr/neural_markers_CS23/CS23_12780_CalR_GAP43_Stitching-10X.czi
Dataset:name:Neural_markers_CS23	/uod/idr/filesets/idr0164-alzubi-hdbr/neural_markers_CS23/CS23_12780_GBX2_PAX6-Stitching-10X.czi
Dataset:name:Neural_markers_CS23	/uod/idr/filesets/idr0164-alzubi-hdbr/neural_markers_CS23/CS23_12602_GBX2_FOXP2-Stitching-10X_P4.czi
Dataset:name:Neural_markers_CS23	/uod/idr/filesets/idr0164-alzubi-hdbr/neural_markers_CS23/CS23_12602_NKX2.1_OLIG2-Stitching-10X_P2.czi
Dataset:name:Neural_markers_CS23	/uod/idr/filesets/idr0164-alzubi-hdbr/neural_markers_CS23/CS23_12602_NKX2.1_PAX6_Stitching-10X _P2.czi
Dataset:name:Neural_markers_CS23	/uod/idr/filesets/idr0164-alzubi-hdbr/neural_markers_CS23/CS23_12602_OTX2_DAPI_slide 133-Stitching-10x.czi
Dataset:name:Neural_markers_CS23	/uod/idr/filesets/idr0164-alzubi-hdbr/neural_markers_CS23/CS23_12780_SCGN_CALB_Stitching-10X.czi
Dataset:name:Neural_markers_CS23	/uod/idr/filesets/idr0164-alzubi-hdbr/neural_markers_CS23/CS23_12780_scgn_calb-Stitching_10x.czi
Dataset:name:Neural_markers_CS23	/uod/idr/filesets/idr0164-alzubi-hdbr/neural_markers_CS23/CS23_12602_LHX6_OLIG2-Stitching-10X_P2.czi
Dataset:name:Neural_markers_CS23	/uod/idr/filesets/idr0164-alzubi-hdbr/neural_markers_CS23/CS23_12602_LHX6_OLIG2-Stitching-10X_P4.czi
Dataset:name:Neural_markers_CS23	/uod/idr/filesets/idr0164-alzubi-hdbr/neural_markers_CS23/CS23_12004_FOXP2_PAX6_Stitching-18.czi
Dataset:name:Neural_markers_CS23	/uod/idr/filesets/idr0164-alzubi-hdbr/neural_markers_CS23/CS23_12602_ROBO1_CALR_slide 133-Stitching-10x.czi
Dataset:name:Neural_markers_CS23	/uod/idr/filesets/idr0164-alzubi-hdbr/neural_markers_CS23/CS23_12602_COUPTFI_COUP-TFII-Stitching-10X_P4.czi
Dataset:name:Neural_markers_CS23	/uod/idr/filesets/idr0164-alzubi-hdbr/neural_markers_CS23/CS23_12602_ROBO1_SCGN-Stitching-10X.czi
Dataset:name:Neural_markers_CS23	/uod/idr/filesets/idr0164-alzubi-hdbr/neural_markers_CS23/CS23_12602_GBX2_FOXP2-Stitching-10X_P1.czi
Dataset:name:Neural_markers_CS23	/uod/idr/filesets/idr0164-alzubi-hdbr/neural_markers_CS23/CS23_12602_SCGN_CALB-Stitching-10X_P4.czi
Dataset:name:Neural_markers_CS23	/uod/idr/filesets/idr0164-alzubi-hdbr/neural_markers_CS23/CS23_12602_LH6_OLIG2-Stitching-10X_P1.czi
Dataset:name:Neural_markers_CS23	/uod/idr/filesets/idr0164-alzubi-hdbr/neural_markers_CS23/CS23_12004_SCGN_CALB-Stitching-10X.czi
Dataset:name:Neural_markers_CS23	/uod/idr/filesets/idr0164-alzubi-hdbr/neural_markers_CS23/CS23_12602_SP8_CALR-Stitching-10X_P3.czi
Dataset:name:Neural_markers_CS23	/uod/idr/filesets/idr0164-alzubi-hdbr/neural_markers_CS23/CS23_12780_COUPTFI_NKX2.1_STITCHING_10X.czi
Dataset:name:Neural_markers_CS23	/uod/idr/filesets/idr0164-alzubi-hdbr/neural_markers_CS23/CS23_12602_DLX2_ASCL1-Stitching-10X_P1.czi
Dataset:name:Neural_markers_CS23	/uod/idr/filesets/idr0164-alzubi-hdbr/neural_markers_CS23/CS23_12780_ASCL1_COUP-TFII-Stitching-10X.czi
Dataset:name:Neural_markers_CS23	/uod/idr/filesets/idr0164-alzubi-hdbr/neural_markers_CS23/CS23_12780_CalR_CALBStitching-10X.czi
Dataset:name:Neural_markers_CS23	/uod/idr/filesets/idr0164-alzubi-hdbr/neural_markers_CS23/CS23_12602_GBX2_FOXP2-Stitching-10X_P3.czi
Dataset:name:Neural_markers_CS23	/uod/idr/filesets/idr0164-alzubi-hdbr/neural_markers_CS23/CS23_12780_CALB_GAP43-Stitching-10X.czi
Dataset:name:Neural_markers_CS23	/uod/idr/filesets/idr0164-alzubi-hdbr/neural_markers_CS23/CS23_12004_FOXP2_COUPTFII-Stitching-23.czi
Dataset:name:Neural_markers_CS23	/uod/idr/filesets/idr0164-alzubi-hdbr/neural_markers_CS23/CS23_12602_NKX2.1_PAX6-Stitching-10X_P5.czi
Dataset:name:Neural_markers_CS23	/uod/idr/filesets/idr0164-alzubi-hdbr/neural_markers_CS23/CS23_12780_COUPTFII_NKX2.1_STITCHING_10X.czi
Dataset:name:Neural_markers_CS23	/uod/idr/filesets/idr0164-alzubi-hdbr/neural_markers_CS23/CS23_12602_DLX2_ASCL1_Stitching-10X_P3.czi
Dataset:name:Neural_markers_CS23	/uod/idr/filesets/idr0164-alzubi-hdbr/neural_markers_CS23/CS23_12602_OTX2_FOXP2-Stitching-10X_P3.czi
Dataset:name:Neural_markers_CS23	/uod/idr/filesets/idr0164-alzubi-hdbr/neural_markers_CS23/CS23_12780_GBX2_CALB-Stitching-10X.czi
Dataset:name:Neural_markers_CS23	/uod/idr/filesets/idr0164-alzubi-hdbr/neural_markers_CS23/CS23_12602_GBX2_FOXP2-Stitching-10X_P2.czi
Dataset:name:Neural_markers_CS23	/uod/idr/filesets/idr0164-alzubi-hdbr/neural_markers_CS23/CS23_12602_SCGN_KI67_slide 151-Stitching-10x.czi
Dataset:name:Neural_markers_CS23	/uod/idr/filesets/idr0164-alzubi-hdbr/neural_markers_CS23/CS23_12602_LHX6_OLIG2-Stitching-10X_P5.czi
Dataset:name:Neural_markers_CS23	/uod/idr/filesets/idr0164-alzubi-hdbr/neural_markers_CS23/CS23_12602_SCGN_PAX6-Stitching-10X.czi
Dataset:name:Neural_markers_CS23	/uod/idr/filesets/idr0164-alzubi-hdbr/neural_markers_CS23/CS23_12602_NKX2.1_OLIG2-Stitching-10X_P5.czi
Dataset:name:Neural_markers_CS23	/uod/idr/filesets/idr0164-alzubi-hdbr/neural_markers_CS23/CS23_12602_SP8_CALR-Stitching-10X_P1.czi
Dataset:name:Neural_markers_CS23	/uod/idr/filesets/idr0164-alzubi-hdbr/neural_markers_CS23/CS23_12004_DLX2_PAX6-Stitching-05.czi
Dataset:name:Neural_markers_CS23	/uod/idr/filesets/idr0164-alzubi-hdbr/neural_markers_CS23/CS23_12602_SCGN_CALB-Stitching-10X_P3.czi
Dataset:name:Neural_markers_CS23	/uod/idr/filesets/idr0164-alzubi-hdbr/neural_markers_CS23/CS23_12602_SP8_CALR-Stitching-10X_P2.czi
Dataset:name:Neural_markers_CS23	/uod/idr/filesets/idr0164-alzubi-hdbr/neural_markers_CS23/CS23_12602_ASCL1_LHX6_P3-Stitching-10X.czi
Dataset:name:Neural_markers_CS23	/uod/idr/filesets/idr0164-alzubi-hdbr/neural_markers_CS23/CS23_12780_ASCL1_PAX6-Stitching-10X.czi
Dataset:name:Neural_markers_CS23	/uod/idr/filesets/idr0164-alzubi-hdbr/neural_markers_CS23/CS23_12602_SP8_CALR-Stitching-10X_P4.czi
Dataset:name:Neural_markers_CS23	/uod/idr/filesets/idr0164-alzubi-hdbr/neural_markers_CS23/CS23_12602_SP8_CALR-Stitching-10X_P5.czi
Dataset:name:Neural_markers_CS23	/uod/idr/filesets/idr0164-alzubi-hdbr/neural_markers_CS23/CS23_12602_COUPTFI_COUP-TFII-Stitching-10X_P3.czi
Dataset:name:Neural_markers_CS23	/uod/idr/filesets/idr0164-alzubi-hdbr/neural_markers_CS23/cs23_12602_ASCL1_OLIG2-Stitching-10X.czi
Dataset:name:Neural_markers_CS23	/uod/idr/filesets/idr0164-alzubi-hdbr/neural_markers_CS23/CS23_12780_ASCL1_DLX2-Stitching-10X.czi
Dataset:name:Neural_markers_CS23	/uod/idr/filesets/idr0164-alzubi-hdbr/neural_markers_CS23/CS23_12602_DLX2_ASCL1-Stitching-10X_P5.czi
Dataset:name:Neural_markers_CS23	/uod/idr/filesets/idr0164-alzubi-hdbr/neural_markers_CS23/CS23_12780_DLX2_NKX2.1-Stitching-10X.czi
Dataset:name:Neural_markers_CS23	/uod/idr/filesets/idr0164-alzubi-hdbr/neural_markers_CS23/CS23_12602_GBX2_FOXP2-Stitching-10X_P5.czi
Dataset:name:Neural_markers_CS23	/uod/idr/filesets/idr0164-alzubi-hdbr/neural_markers_CS23/CS23_12780_SCGN_GAP43_Stitching-10X.czi
Dataset:name:Neural_markers_CS23	/uod/idr/filesets/idr0164-alzubi-hdbr/neural_markers_CS23/CS23_12602_NKX2.1_OLIG2-Stitching-10X_P4.czi
Dataset:name:Neural_markers_CS23	/uod/idr/filesets/idr0164-alzubi-hdbr/neural_markers_CS23/CS23_12602_NKX2.1_PAX6-Stitching-10X_P3.czi
Dataset:name:Neural_markers_CS23	/uod/idr/filesets/idr0164-alzubi-hdbr/neural_markers_CS23/CS23_12602_OTX2_FOXP2-Stitching-10X_P5.czi
Dataset:name:Neural_markers_CS23	/uod/idr/filesets/idr0164-alzubi-hdbr/neural_markers_CS23/CS23_12602_SCGN_CALB-Stitching-10X_P5.czi
Dataset:name:Neural_markers_CS23	/uod/idr/filesets/idr0164-alzubi-hdbr/neural_markers_CS23/CS23_12780_ASCL1_DLX2-Stitching-10X-2.czi
Dataset:name:Neural_markers_CS23	/uod/idr/filesets/idr0164-alzubi-hdbr/neural_markers_CS23/CS23_12780_ASCL1_LHX6-Stitching-10X.czi
Dataset:name:Neural_markers_CS23	/uod/idr/filesets/idr0164-alzubi-hdbr/neural_markers_CS23/CS23_12780_ASCL1_NKX2.1-Stitching-10X.czi
Dataset:name:Neural_markers_CS23	/uod/idr/filesets/idr0164-alzubi-hdbr/neural_markers_CS23/CS23_12780_DLX2_ASCL1_Stitching-10X.czi
Dataset:name:Neural_markers_CS23	/uod/idr/filesets/idr0164-alzubi-hdbr/neural_markers_CS23/CS23_12602_scgn_calb-Stitching-10x.czi
Dataset:name:NFIA	/uod/idr/filesets/idr0164-alzubi-hdbr/NFIA/CS18-MERGE-NFIA488.10X.A.tif
Dataset:name:NFIA	/uod/idr/filesets/idr0164-alzubi-hdbr/NFIA/CS18-MERGE-NFIA488.10X.B.tif
Dataset:name:NFIA	/uod/idr/filesets/idr0164-alzubi-hdbr/NFIA/CS18-MERGE-NFIA488.10X.D.tif
Dataset:name:NFIA	/uod/idr/filesets/idr0164-alzubi-hdbr/NFIA/CS18-MERGE-NFIA488.20X.A.tif
Dataset:name:NFIA	/uod/idr/filesets/idr0164-alzubi-hdbr/NFIA/CS18-MERGE-NFIA488.10X.C.tif
Dataset:name:OTX2	/uod/idr/filesets/idr0164-alzubi-hdbr/OTX2/18pcw 13388 OTX2 low power.jpg
Dataset:name:OTX2	/uod/idr/filesets/idr0164-alzubi-hdbr/OTX2/11pcw 13997 OTX2 Low power 3.51X.jpg
Dataset:name:OTX2	/uod/idr/filesets/idr0164-alzubi-hdbr/OTX2/14pcw 12722 OTX2 Low power.jpg
Dataset:name:OTX2	/uod/idr/filesets/idr0164-alzubi-hdbr/OTX2/17pcw 13531 OTX2 low power 1.73x.jpg
Dataset:name:OTX2	/uod/idr/filesets/idr0164-alzubi-hdbr/OTX2/11PCW 13401 OTX2 low power.jpg
Dataset:name:OTX2	/uod/idr/filesets/idr0164-alzubi-hdbr/OTX2/14pcw 13024 OTX2 Low power 2.37x.jpg
Dataset:name:PAX7-OLIG2	/uod/idr/filesets/idr0164-alzubi-hdbr/PAX7-OLIG2/CS12-MERGE-PAX7488-OLIG2568.20X-forelimb.tif
Dataset:name:PAX7-OLIG2	/uod/idr/filesets/idr0164-alzubi-hdbr/PAX7-OLIG2/CS18-MERGE-PAX7488-OLIG2594.10X.C.tif
Dataset:name:PAX7-OLIG2	/uod/idr/filesets/idr0164-alzubi-hdbr/PAX7-OLIG2/CS12-MERGE-PAX7488-OLIG2594.20X.A-interlimb.tif
Dataset:name:PAX7-OLIG2	/uod/idr/filesets/idr0164-alzubi-hdbr/PAX7-OLIG2/CS12-MERGE-PAX7488-OLIG2594.20X.B-interlimb.tif
Dataset:name:PAX7-OLIG2	/uod/idr/filesets/idr0164-alzubi-hdbr/PAX7-OLIG2/CS12-MERGE-PAX7488-OLIG2568.20X.B-hindlimb.tif
Dataset:name:PAX7-OLIG2	/uod/idr/filesets/idr0164-alzubi-hdbr/PAX7-OLIG2/CS18-MERGE-PAX7488-OLIG2594.10X.A.tif
Dataset:name:PAX7-OLIG2	/uod/idr/filesets/idr0164-alzubi-hdbr/PAX7-OLIG2/CS18-MERGE-PAX7488-OLIG2594.20X.A.tif
Dataset:name:PAX7-OLIG2	/uod/idr/filesets/idr0164-alzubi-hdbr/PAX7-OLIG2/CS12-MERGE-PAX7488-OLIG2568.20X.A-hindlimb.tif
Dataset:name:PAX7-OLIG2	/uod/idr/filesets/idr0164-alzubi-hdbr/PAX7-OLIG2/CS18-MERGE-PAX7488-OLIG2594.10X.D.tif
Dataset:name:PAX7-OLIG2	/uod/idr/filesets/idr0164-alzubi-hdbr/PAX7-OLIG2/CS12-MERGE-PAX7488-OLIG2594.20X.C-interlimb.tif
Dataset:name:PAX7-OLIG2	/uod/idr/filesets/idr0164-alzubi-hdbr/PAX7-OLIG2/CS18-MERGE-PAX7488-OLIG2594.10X.B.tif
Dataset:name:POU4F1-ISL1	/uod/idr/filesets/idr0164-alzubi-hdbr/POU4F1-ISL1/CS12-MERGE-BRN3a488-ISLET1568.20X.B-interlimb.tif
Dataset:name:POU4F1-ISL1	/uod/idr/filesets/idr0164-alzubi-hdbr/POU4F1-ISL1/CS12-MERGE-BRN3a488-ISLET1568.20X.A-interlimb.tif
Dataset:name:POU4F1-ISL1	/uod/idr/filesets/idr0164-alzubi-hdbr/POU4F1-ISL1/CS12-MERGE-BRN3a488-ISLET1568.20X.C-interlimb.tif
Dataset:name:POU4F1-ISL1	/uod/idr/filesets/idr0164-alzubi-hdbr/POU4F1-ISL1/CS12-MERGE-BRN3a488-ISLET1568.20X-forelimb.tif
Dataset:name:PRDM13	/uod/idr/filesets/idr0164-alzubi-hdbr/PRDM13/CS13_14099_17_PRDM13.tif
Dataset:name:PRDM13	/uod/idr/filesets/idr0164-alzubi-hdbr/PRDM13/CS21_12494_60_PRDM13.tif
Dataset:name:PRDM13	/uod/idr/filesets/idr0164-alzubi-hdbr/PRDM13/CS13_14099_32_PRDM13.tif
Dataset:name:PRDM13	/uod/idr/filesets/idr0164-alzubi-hdbr/PRDM13/CS15_15296_150_PRDM13.tif
Dataset:name:PRDM13	/uod/idr/filesets/idr0164-alzubi-hdbr/PRDM13/CS21_12494_53_PRDM13.tif
Dataset:name:RPGRIP1	/uod/idr/filesets/idr0164-alzubi-hdbr/RPGRIP1/13997 11 PCW RPGRIP1.jpg
Dataset:name:RPGRIP1	/uod/idr/filesets/idr0164-alzubi-hdbr/RPGRIP1/13024 14 PCW RPGRIP1.jpg
Dataset:name:RPGRIP1	/uod/idr/filesets/idr0164-alzubi-hdbr/RPGRIP1/13388 18 PCW RPGRIP1.jpg
Dataset:name:SAMD3	/uod/idr/filesets/idr0164-alzubi-hdbr/SAMD3/11PCW 13997 SAMD3 Low power 3.53X.jpg
Dataset:name:SAMD3	/uod/idr/filesets/idr0164-alzubi-hdbr/SAMD3/17PCW 13531 SAMD3 low power 1.73x.jpg
Dataset:name:SAMD3	/uod/idr/filesets/idr0164-alzubi-hdbr/SAMD3/14PCW 13024 SAMD3 low power 2.37x.jpg
Dataset:name:SNAI2-SOX2	/uod/idr/filesets/idr0164-alzubi-hdbr/SNAI2-SOX2/CS12-MERGE-SNAI2488-SOX2594.20X-B-forelimb.tif
Dataset:name:SNAI2-SOX2	/uod/idr/filesets/idr0164-alzubi-hdbr/SNAI2-SOX2/CS12-MERGE-SNAI2488-SOX2594.20X.B-interlimb.tif
Dataset:name:SNAI2-SOX2	/uod/idr/filesets/idr0164-alzubi-hdbr/SNAI2-SOX2/CS12-MERGE-SNAI2488-SOX2594.20X.C-hindlimb.tif
Dataset:name:SNAI2-SOX2	/uod/idr/filesets/idr0164-alzubi-hdbr/SNAI2-SOX2/CS12-MERGE-SOX2594-SNAI2488.20X.A-hindlimb.tif
Dataset:name:SNAI2-SOX2	/uod/idr/filesets/idr0164-alzubi-hdbr/SNAI2-SOX2/CS12-MERGE-SNAI2488-SOX2594.20X.B-hindlimb.tif
Dataset:name:SNAI2-SOX2	/uod/idr/filesets/idr0164-alzubi-hdbr/SNAI2-SOX2/CS12-MERGE-SNAI2488-SOX2594.20X-forelimb.tif
Dataset:name:SNAI2-SOX2	/uod/idr/filesets/idr0164-alzubi-hdbr/SNAI2-SOX2/CS12-MERGE-SNAI2488-SOX2594.20X.C-interlimb.tif
Dataset:name:SNAI2-SOX2	/uod/idr/filesets/idr0164-alzubi-hdbr/SNAI2-SOX2/CS12-MERGE-SNAI2488-SOX2594.20X.A-interlimb.tif
Dataset:name:SOX11	/uod/idr/filesets/idr0164-alzubi-hdbr/SOX11/CS23_2150_sox11.svs
Dataset:name:SOX11-GNRHR	/uod/idr/filesets/idr0164-alzubi-hdbr/SOX11-GNRHR/CS20_1540_150.svs
Dataset:name:SOX11-GNRHR	/uod/idr/filesets/idr0164-alzubi-hdbr/SOX11-GNRHR/CS21_12269_49a.ome.tiff
Dataset:name:SOX2-FN1	/uod/idr/filesets/idr0164-alzubi-hdbr/SOX2-FN1/20200825.lif - 12pcw fibronectin 1 (RGB).tif
Dataset:name:SOX2-MKI67-PECAM1	/uod/idr/filesets/idr0164-alzubi-hdbr/SOX2-MKI67-PECAM1/20210312 slides KI67.lif - 14206-10 4 (RGB).tif
Dataset:name:SOX2-MKI67-PECAM1	/uod/idr/filesets/idr0164-alzubi-hdbr/SOX2-MKI67-PECAM1/20210312 slides KI67.lif - 14314-11 2 (RGB).tif
Dataset:name:SOX2-MKI67-PECAM1	/uod/idr/filesets/idr0164-alzubi-hdbr/SOX2-MKI67-PECAM1/20210312 slides KI67.lif - 14314-11 4 (RGB).tif
Dataset:name:SOX2-MKI67-PECAM1	/uod/idr/filesets/idr0164-alzubi-hdbr/SOX2-MKI67-PECAM1/20210312 slides KI67.lif - 14203-13 1 (RGB).tif
Dataset:name:SOX2-MKI67-PECAM1	/uod/idr/filesets/idr0164-alzubi-hdbr/SOX2-MKI67-PECAM1/20210312 slides KI67.lif - 14203-13 3 (RGB).tif
Dataset:name:SOX2-MKI67-PECAM1	/uod/idr/filesets/idr0164-alzubi-hdbr/SOX2-MKI67-PECAM1/20210312 slides KI67.lif - 14206-10 2 (RGB).tif
Dataset:name:SOX2-MKI67-PECAM1	/uod/idr/filesets/idr0164-alzubi-hdbr/SOX2-MKI67-PECAM1/20210312 slides KI67.lif - 14203-13 2 (RGB).tif
Dataset:name:SOX2-MKI67-PECAM1	/uod/idr/filesets/idr0164-alzubi-hdbr/SOX2-MKI67-PECAM1/20210312 slides KI67.lif - 14203-13 4 (RGB).tif
Dataset:name:SOX2-MKI67-PECAM1	/uod/idr/filesets/idr0164-alzubi-hdbr/SOX2-MKI67-PECAM1/20210312 slides KI67.lif - 14206-10 1 (RGB).tif
Dataset:name:SOX2-MKI67-PECAM1	/uod/idr/filesets/idr0164-alzubi-hdbr/SOX2-MKI67-PECAM1/20210312 slides KI67.lif - 14206-10 3 (RGB).tif
Dataset:name:SOX2-MKI67-PECAM1	/uod/idr/filesets/idr0164-alzubi-hdbr/SOX2-MKI67-PECAM1/20210312 slides KI67.lif - 14314-11 1 (RGB).tif
Dataset:name:SOX2-MKI67-PECAM1	/uod/idr/filesets/idr0164-alzubi-hdbr/SOX2-MKI67-PECAM1/20210312 slides KI67.lif - 14314-11 3 (RGB).tif
Dataset:name:SOX2-SOX9	/uod/idr/filesets/idr0164-alzubi-hdbr/SOX2-SOX9/2019-4-12-8pcw_SOX2_594_SOX9_488_DAPI_40x.tif
Dataset:name:SOX2-SOX9-CDH1	/uod/idr/filesets/idr0164-alzubi-hdbr/SOX2-SOX9-CDH1/2020.6.18_12pcw_HDBRN13590_SOX9_488_SOX2_594_ECAD_647_63x.tif
Dataset:name:SOX2-SOX9-CDH1	/uod/idr/filesets/idr0164-alzubi-hdbr/SOX2-SOX9-CDH1/2020.6.18_12pcw_HDBRN13590.lif - 12pcw_HDBRN13590_large airway_SOX9_488_SOX2_594_ECAD_647_63x.tif (RGB).tif
Dataset:name:SOX2-SOX9-CDH1	/uod/idr/filesets/idr0164-alzubi-hdbr/SOX2-SOX9-CDH1/2020.6.18_BRC1984_8pcw_SOX9_488_SOX2_594_ECAD_647_63x_2.tif
Dataset:name:SOX4	/uod/idr/filesets/idr0164-alzubi-hdbr/SOX4/11PCW 13997 SOX4 Low power 3.59X.jpg
Dataset:name:SOX4	/uod/idr/filesets/idr0164-alzubi-hdbr/SOX4/17PCW 13531 SOX4 low power 1.73x.jpg
Dataset:name:SOX4	/uod/idr/filesets/idr0164-alzubi-hdbr/SOX4/14PCW 13024 SOX4 low power 2.37x.jpg
Dataset:name:SOX9-CD44	/uod/idr/filesets/idr0164-alzubi-hdbr/SOX9-CD44/2020.6.18_12pcw_HDBRN13590.lif - 12pcw_HDBRN13590_ETV5_488_SOX9_594_CD44_647_63x_2 (RGB).tif
Dataset:name:SOX9-CD44	/uod/idr/filesets/idr0164-alzubi-hdbr/SOX9-CD44/2020.6.18_12pcw_HDBRN13590.lif - 12pcw_HDBRN13590_ETV5_488_SOX9_594_CD44_647_63x (RGB).tif
Dataset:name:SOX9-FAK-PTK2	/uod/idr/filesets/idr0164-alzubi-hdbr/SOX9-FAK-PTK2/20210421 slides.lif - 12pcw-FAK 2 zoom.tif
Dataset:name:SOX9-FAK-PTK2	/uod/idr/filesets/idr0164-alzubi-hdbr/SOX9-FAK-PTK2/20210421 slides.lif - 12pcw-FAK 3.tif
Dataset:name:SOX9-FAK-PTK2	/uod/idr/filesets/idr0164-alzubi-hdbr/SOX9-FAK-PTK2/20210421 slides.lif - 9pcw-FAK 1 zoom.tif
Dataset:name:SOX9-FAK-PTK2	/uod/idr/filesets/idr0164-alzubi-hdbr/SOX9-FAK-PTK2/20210421 slides.lif - 12pcw-FAK 1.tif
Dataset:name:SOX9-FAK-PTK2	/uod/idr/filesets/idr0164-alzubi-hdbr/SOX9-FAK-PTK2/20210421 slides.lif - 12pcw-FAK 2.tif
Dataset:name:SOX9-FAK-PTK2	/uod/idr/filesets/idr0164-alzubi-hdbr/SOX9-FAK-PTK2/20210421 slides.lif - 9pcw-FAK 2 zoom.tif
Dataset:name:SOX9-FAK-PTK2	/uod/idr/filesets/idr0164-alzubi-hdbr/SOX9-FAK-PTK2/20210421 slides.lif - 12pcw-FAK 1 zoom.tif
Dataset:name:SOX9-FAK-PTK2	/uod/idr/filesets/idr0164-alzubi-hdbr/SOX9-FAK-PTK2/20210421 slides.lif - 12pcw-FAK 3 zoom.tif
Dataset:name:SOX9-FAK-PTK2	/uod/idr/filesets/idr0164-alzubi-hdbr/SOX9-FAK-PTK2/20210421 slides.lif - 9pcw-FAK 1.tif
Dataset:name:SOX9-FAK-PTK2	/uod/idr/filesets/idr0164-alzubi-hdbr/SOX9-FAK-PTK2/20210421 slides.lif - 9pcw-FAK 2.tif
Dataset:name:TJP1-SOX9-CDH1	/uod/idr/filesets/idr0164-alzubi-hdbr/TJP1-SOX9-CDH1/20191106-15171 11pcw thick@.lif - SOX9 ZO1 ECAD 1 (RGB).tif
Dataset:name:TJP1-SOX9-CDH1	/uod/idr/filesets/idr0164-alzubi-hdbr/TJP1-SOX9-CDH1/20191106-15171 11pcw thick@.lif - SOX9 ZO1 ECAD 1 zoom 1-1.tif
Dataset:name:TJP1-SOX9-CDH1	/uod/idr/filesets/idr0164-alzubi-hdbr/TJP1-SOX9-CDH1/20191106-15171 11pcw thick@.lif - SOX9 ZO1 ECAD 1 zoom 2 (RGB).tif
Dataset:name:TNNI3-SOX9	/uod/idr/filesets/idr0164-alzubi-hdbr/TNNI3-SOX9/CS16_669_29x10tile.czi
Dataset:name:TNNI3-SOX9	/uod/idr/filesets/idr0164-alzubi-hdbr/TNNI3-SOX9/CS16_669_43tilex4.1.czi
Dataset:name:TNNI3-SOX9	/uod/idr/filesets/idr0164-alzubi-hdbr/TNNI3-SOX9/CS20_A167_89tile5.czi
Dataset:name:TNNI3-SOX9	/uod/idr/filesets/idr0164-alzubi-hdbr/TNNI3-SOX9/CS16_669_35tilex4.1.czi
Dataset:name:TNNI3-SOX9	/uod/idr/filesets/idr0164-alzubi-hdbr/TNNI3-SOX9/CS23_1055_105tile5.czi
Dataset:name:TNNI3-SOX9	/uod/idr/filesets/idr0164-alzubi-hdbr/TNNI3-SOX9/CS20_A167_85tile.czi
Dataset:name:TNNI3-SOX9	/uod/idr/filesets/idr0164-alzubi-hdbr/TNNI3-SOX9/10pcw_15701_6_55x5_5x5tile.czi
Dataset:name:TNNI3-SOX9	/uod/idr/filesets/idr0164-alzubi-hdbr/TNNI3-SOX9/CS23_1055_95tile5.czi
Dataset:name:TNNI3-SOX9	/uod/idr/filesets/idr0164-alzubi-hdbr/TNNI3-SOX9/CS16_669_47tilex4.1.czi
Dataset:name:TNNI3-SOX9	/uod/idr/filesets/idr0164-alzubi-hdbr/TNNI3-SOX9/CS16_669_39tilex4.1.czi
Dataset:name:TNNI3-SOX9	/uod/idr/filesets/idr0164-alzubi-hdbr/TNNI3-SOX9/CS23_1055_3_93_5x5tile.czi
Dataset:name:TNNI3-SOX9	/uod/idr/filesets/idr0164-alzubi-hdbr/TNNI3-SOX9/10pcw_15701_6_81x5_5x5tile.czi
Dataset:name:TNNI3-SOX9	/uod/idr/filesets/idr0164-alzubi-hdbr/TNNI3-SOX9/CS20_A167_91tile5.czi
Dataset:name:TNNI3-SOX9	/uod/idr/filesets/idr0164-alzubi-hdbr/TNNI3-SOX9/CS23_1055_98tile5.czi
Dataset:name:TNNI3-SOX9	/uod/idr/filesets/idr0164-alzubi-hdbr/TNNI3-SOX9/CS20_A167_95tile5.czi
Dataset:name:TNNI3-SOX9	/uod/idr/filesets/idr0164-alzubi-hdbr/TNNI3-SOX9/CS23_1055_3_109_5x5tile.czi
Dataset:name:TUBB3-SOX2	/uod/idr/filesets/idr0164-alzubi-hdbr/TUBB3-SOX2/CS12-MERGE-TUJ1488-SOX2594.20X.A-hindlimb.tif
Dataset:name:TUBB3-SOX2	/uod/idr/filesets/idr0164-alzubi-hdbr/TUBB3-SOX2/CS12-MERGE-SOX2594-TUJ1488.20X-A-forelimb.tif
Dataset:name:TUBB3-SOX2	/uod/idr/filesets/idr0164-alzubi-hdbr/TUBB3-SOX2/CS12-MERGE-TUJ1488-SOX2594.20X-interlimb.tif
Dataset:name:TUBB3-SOX2	/uod/idr/filesets/idr0164-alzubi-hdbr/TUBB3-SOX2/CS12-MERGE-SOX2594-TUJ1488.20X-B-forelimb.tif
Dataset:name:TUBB3-SOX2	/uod/idr/filesets/idr0164-alzubi-hdbr/TUBB3-SOX2/CS12-MERGE-TUJ1488 SOX2594.20X.B-hindlimb.tif